frame_index,source_time_s,bbox_xywh,update_s,decode_s,calibrated_confidence,guarded_states,guarded_events,localization_accepted
0,0.0,"[319.0, 67.0, 254.0, 260.0]",,0.004404166946187615,,[],[],True
1,0.02,"[318.0, 68.0, 256.0, 258.0]",0.022221957973670214,0.00023320800391957164,,"[{'track_id': 'phys_assessed_object', 'label': 'assessed object', 'box': [0.37236533957845436, 0.14166666666666666, 0.6721311475409836, 0.6791666666666667], 'timestamp': 0.02, 'evidence_id': 'ego:2', 'visibility': 'visible', 'confidence': 0.9, 'confidence_kind': 'uncalibrated_heuristic', 'calibrated_confidence': None, 'appearance_distance': 0.031430423026279526, 'visible_fraction': 1.0, 'relative_motion': 2.4887001084253156e-08, 'camera_compensated': True, 'total_area_ratio': 1.0001211459973331}]",[],True
2,0.04,"[318.0, 70.0, 256.0, 258.0]",0.016864374978467822,0.0002055419608950615,,"[{'track_id': 'phys_assessed_object', 'label': 'assessed object', 'box': [0.37236533957845436, 0.14583333333333334, 0.6721311475409836, 0.6833333333333333], 'timestamp': 0.04, 'evidence_id': 'ego:3', 'visibility': 'visible', 'confidence': 0.9, 'confidence_kind': 'uncalibrated_heuristic', 'calibrated_confidence': None, 'appearance_distance': 0.07506662227668852, 'visible_fraction': 1.0, 'relative_motion': 0.0017908962893372162, 'camera_compensated': True, 'total_area_ratio': 1.0001211459973327}]",[],True
3,0.06,"[316.0, 72.0, 256.0, 258.0]",0.017713000008370727,0.00029620801797136664,,"[{'track_id': 'phys_assessed_object', 'label': 'assessed object', 'box': [0.3700234192037471, 0.15, 0.6697892271662763, 0.6875], 'timestamp': 0.06, 'evidence_id': 'ego:4', 'visibility': 'visible', 'confidence': 0.8854083543409191, 'confidence_kind': 'uncalibrated_heuristic', 'calibrated_confidence': None, 'appearance_distance': 0.11459164565908087, 'visible_fraction': 1.0, 'relative_motion': 0.0008520270365664524, 'camera_compensated': True, 'total_area_ratio': 1.0001211459973327}]",[],True
4,0.08,"[316.0, 76.0, 250.0, 252.0]",0.015846375026740134,0.00024829100584611297,,"[{'track_id': 'phys_assessed_object', 'label': 'assessed object', 'box': [0.3700234192037471, 0.15833333333333333, 0.6627634660421545, 0.6833333333333333], 'timestamp': 0.08, 'evidence_id': 'ego:5', 'visibility': 'visible', 'confidence': 0.8813407589413781, 'confidence_kind': 'uncalibrated_heuristic', 'calibrated_confidence': None, 'appearance_distance': 0.1186592410586219, 'visible_fraction': 1.0, 'relative_motion': 0.003479656127634207, 'camera_compensated': True, 'total_area_ratio': 0.9539672995069036}]","[{'event_id': 'csrt_phys_assessed_object_motion_started_5', 'kind': 'motion_started', 'object_label': 'assessed object', 'subject_ids': ['phys_assessed_object'], 'started_at': 0.06, 'ended_at': 0.08, 'available_at': 1789496143.07424, 'confidence': 0.8813407589413781, 'uncertainty': 'CSRT with heuristic appearance/scale/visibility guards; confidence is an uncalibrated score, not a probability. Background compensation models translation only. Geometric change does not prove semantic pickup, placement, persistent identity, or physical absence.', 'description': 'assessed object: motion started in the camera view', 'pre_evidence_ids': ['ego:4'], 'post_evidence_ids': ['ego:5'], 'camera_compensated': True}]",True
5,0.1,"[312.0, 76.0, 256.0, 258.0]",0.015688040992245078,0.00021179200848564506,,"[{'track_id': 'phys_assessed_object', 'label': 'assessed object', 'box': [0.36533957845433257, 0.15833333333333333, 0.6651053864168618, 0.6958333333333333], 'timestamp': 0.1, 'evidence_id': 'ego:6', 'visibility': 'visible', 'confidence': 0.870113854968424, 'confidence_kind': 'uncalibrated_heuristic', 'calibrated_confidence': None, 'appearance_distance': 0.12988614503157603, 'visible_fraction': 1.0, 'relative_motion': 0.0014890798024073393, 'camera_compensated': True, 'total_area_ratio': 1.0001211459973327}]",[],True
6,0.12,"[310.0, 76.0, 256.0, 258.0]",0.01537974999519065,0.0001912920270115137,,"[{'track_id': 'phys_assessed_object', 'label': 'assessed object', 'box': [0.3629976580796253, 0.15833333333333333, 0.6627634660421545, 0.6958333333333333], 'timestamp': 0.12, 'evidence_id': 'ego:7', 'visibility': 'visible', 'confidence': 0.861450022261903, 'confidence_kind': 'uncalibrated_heuristic', 'calibrated_confidence': None, 'appearance_distance': 0.13854997773809696, 'visible_fraction': 1.0, 'relative_motion': 0.003662019012292152, 'camera_compensated': True, 'total_area_ratio': 1.0001211459973327}]",[],True
7,0.14,"[308.0, 76.0, 256.0, 258.0]",0.015211999998427927,0.00019774999236688018,,"[{'track_id': 'phys_assessed_object', 'label': 'assessed object', 'box': [0.36065573770491804, 0.15833333333333333, 0.6604215456674473, 0.6958333333333333], 'timestamp': 0.14, 'evidence_id': 'ego:8', 'visibility': 'visible', 'confidence': 0.8536158058820609, 'confidence_kind': 'uncalibrated_heuristic', 'calibrated_confidence': None, 'appearance_distance': 0.14638419411793907, 'visible_fraction': 1.0, 'relative_motion': 0.001972030185160731, 'camera_compensated': True, 'total_area_ratio': 1.0001211459973327}]",[],True
8,0.16,"[308.0, 78.0, 256.0, 258.0]",0.015021750004962087,0.00017312500858679414,,"[{'track_id': 'phys_assessed_object', 'label': 'assessed object', 'box': [0.36065573770491804, 0.1625, 0.6604215456674473, 0.7], 'timestamp': 0.16, 'evidence_id': 'ego:9', 'visibility': 'visible', 'confidence': 0.8463763677869924, 'confidence_kind': 'uncalibrated_heuristic', 'calibrated_confidence': None, 'appearance_distance': 0.1536236322130076, 'visible_fraction': 1.0, 'relative_motion': 0.002739930803813944, 'camera_compensated': True, 'total_area_ratio': 1.0001211459973327}]",[],True
9,0.18,"[306.0, 78.0, 256.0, 258.0]",0.01530445902608335,0.00016866601072251797,,"[{'track_id': 'phys_assessed_object', 'label': 'assessed object', 'box': [0.3583138173302108, 0.1625, 0.65807962529274, 0.7], 'timestamp': 0.18, 'evidence_id': 'ego:10', 'visibility': 'visible', 'confidence': 0.8236632083956924, 'confidence_kind': 'uncalibrated_heuristic', 'calibrated_confidence': None, 'appearance_distance': 0.17633679160430762, 'visible_fraction': 1.0, 'relative_motion': 0.0021975691673036066, 'camera_compensated': True, 'total_area_ratio': 1.0001211459973327}]",[],True
10,0.2,"[304.0, 74.0, 262.0, 264.0]",0.016029791033361107,0.0002163749886676669,,"[{'track_id': 'phys_assessed_object', 'label': 'assessed object', 'box': [0.3559718969555035, 0.15416666666666667, 0.6627634660421545, 0.7041666666666667], 'timestamp': 0.2, 'evidence_id': 'ego:11', 'visibility': 'visible', 'confidence': 0.8292392924412951, 'confidence_kind': 'uncalibrated_heuristic', 'calibrated_confidence': None, 'appearance_distance': 0.1707607075587049, 'visible_fraction': 1.0, 'relative_motion': 0.0038697910272294644, 'camera_compensated': True, 'total_area_ratio': 1.0473652408300558}]",[],True
11,0.22,"[302.0, 74.0, 262.0, 264.0]",0.015078750031534582,0.0002021659747697413,,"[{'track_id': 'phys_assessed_object', 'label': 'assessed object', 'box': [0.35362997658079626, 0.15416666666666667, 0.6604215456674473, 0.7041666666666667], 'timestamp': 0.22, 'evidence_id': 'ego:12', 'visibility': 'visible', 'confidence': 0.817141487529402, 'confidence_kind': 'uncalibrated_heuristic', 'calibrated_confidence': None, 'appearance_distance': 0.18285851247059806, 'visible_fraction': 1.0, 'relative_motion': 0.0018159002706162023, 'camera_compensated': True, 'total_area_ratio': 1.0473652408300558}]",[],True
12,0.24,"[302.0, 74.0, 262.0, 264.0]",0.015989792009349912,0.00018445798195898533,,"[{'track_id': 'phys_assessed_object', 'label': 'assessed object', 'box': [0.35362997658079626, 0.15416666666666667, 0.6604215456674473, 0.7041666666666667], 'timestamp': 0.24, 'evidence_id': 'ego:13', 'visibility': 'visible', 'confidence': 0.7964553836118415, 'confidence_kind': 'uncalibrated_heuristic', 'calibrated_confidence': None, 'appearance_distance': 0.20354461638815846, 'visible_fraction': 1.0, 'relative_motion': 0.0011326530975683106, 'camera_compensated': True, 'total_area_ratio': 1.0473652408300558}]",[],True
13,0.26,"[300.0, 74.0, 262.0, 264.0]",0.015486249991226941,0.00021004100563004613,,"[{'track_id': 'phys_assessed_object', 'label': 'assessed object', 'box': [0.351288056206089, 0.15416666666666667, 0.65807962529274, 0.7041666666666667], 'timestamp': 0.26, 'evidence_id': 'ego:14', 'visibility': 'visible', 'confidence': 0.7919686353980496, 'confidence_kind': 'uncalibrated_heuristic', 'calibrated_confidence': None, 'appearance_distance': 0.20803136460195035, 'visible_fraction': 1.0, 'relative_motion': 0.001608677817372741, 'camera_compensated': True, 'total_area_ratio': 1.0473652408300558}]",[],True
14,0.28,"[300.0, 74.0, 262.0, 264.0]",0.015620833029970527,0.00020816700998693705,,"[{'track_id': 'phys_assessed_object', 'label': 'assessed object', 'box': [0.351288056206089, 0.15416666666666667, 0.65807962529274, 0.7041666666666667], 'timestamp': 0.28, 'evidence_id': 'ego:15', 'visibility': 'visible', 'confidence': 0.7817933879967792, 'confidence_kind': 'uncalibrated_heuristic', 'calibrated_confidence': None, 'appearance_distance': 0.21820661200322075, 'visible_fraction': 1.0, 'relative_motion': 0.0006592865267083978, 'camera_compensated': True, 'total_area_ratio': 1.0473652408300558}]",[],True
15,0.3,"[302.0, 76.0, 256.0, 258.0]",0.015004916989710182,0.00019458396127447486,,"[{'track_id': 'phys_assessed_object', 'label': 'assessed object', 'box': [0.35362997658079626, 0.15833333333333333, 0.6533957845433255, 0.6958333333333333], 'timestamp': 0.3, 'evidence_id': 'ego:16', 'visibility': 'visible', 'confidence': 0.7684327472527412, 'confidence_kind': 'uncalibrated_heuristic', 'calibrated_confidence': None, 'appearance_distance': 0.23156725274725873, 'visible_fraction': 1.0, 'relative_motion': 0.002322310950351773, 'camera_compensated': True, 'total_area_ratio': 1.0001211459973327}]",[],True
16,0.32,"[300.0, 74.0, 262.0, 264.0]",0.01641341601498425,0.0001941670197993517,,"[{'track_id': 'phys_assessed_object', 'label': 'assessed object', 'box': [0.351288056206089, 0.15416666666666667, 0.65807962529274, 0.7041666666666667], 'timestamp': 0.32, 'evidence_id': 'ego:17', 'visibility': 'visible', 'confidence': 0.7753150672166655, 'confidence_kind': 'uncalibrated_heuristic', 'calibrated_confidence': None, 'appearance_distance': 0.2246849327833345, 'visible_fraction': 1.0, 'relative_motion': 0.0020043436706881964, 'camera_compensated': True, 'total_area_ratio': 1.0473652408300558}]",[],True
17,0.34,"[300.0, 74.0, 262.0, 264.0]",0.015697875001933426,0.00018612499115988612,,"[{'track_id': 'phys_assessed_object', 'label': 'assessed object', 'box': [0.351288056206089, 0.15416666666666667, 0.65807962529274, 0.7041666666666667], 'timestamp': 0.34, 'evidence_id': 'ego:18', 'visibility': 'visible', 'confidence': 0.7731809947760204, 'confidence_kind': 'uncalibrated_heuristic', 'calibrated_confidence': None, 'appearance_distance': 0.22681900522397958, 'visible_fraction': 1.0, 'relative_motion': 0.00028439463005023463, 'camera_compensated': True, 'total_area_ratio': 1.0473652408300558}]",[],True
18,0.36,"[300.0, 74.0, 262.0, 264.0]",0.015564207977149636,0.00021958298748359084,,"[{'track_id': 'phys_assessed_object', 'label': 'assessed object', 'box': [0.351288056206089, 0.15416666666666667, 0.65807962529274, 0.7041666666666667], 'timestamp': 0.36, 'evidence_id': 'ego:19', 'visibility': 'visible', 'confidence': 0.7809677516441339, 'confidence_kind': 'uncalibrated_heuristic', 'calibrated_confidence': None, 'appearance_distance': 0.2190322483558661, 'visible_fraction': 1.0, 'relative_motion': 0.0006014117402507216, 'camera_compensated': True, 'total_area_ratio': 1.0473652408300558}]",[],True
19,0.38,"[304.0, 72.0, 262.0, 264.0]",0.015708666993305087,0.000216791988350451,,"[{'track_id': 'phys_assessed_object', 'label': 'assessed object', 'box': [0.3559718969555035, 0.15, 0.6627634660421545, 0.7], 'timestamp': 0.38, 'evidence_id': 'ego:20', 'visibility': 'visible', 'confidence': 0.7818036349842403, 'confidence_kind': 'uncalibrated_heuristic', 'calibrated_confidence': None, 'appearance_distance': 0.2181963650157597, 'visible_fraction': 1.0, 'relative_motion': 0.004003074612361818, 'camera_compensated': True, 'total_area_ratio': 1.0473652408300556}]",[],True
20,0.4,"[306.0, 70.0, 262.0, 264.0]",0.016580333991441876,0.00020341703202575445,,"[{'track_id': 'phys_assessed_object', 'label': 'assessed object', 'box': [0.3583138173302108, 0.14583333333333334, 0.6651053864168618, 0.6958333333333333], 'timestamp': 0.4, 'evidence_id': 'ego:21', 'visibility': 'visible', 'confidence': 0.7786875288051456, 'confidence_kind': 'uncalibrated_heuristic', 'calibrated_confidence': None, 'appearance_distance': 0.22131247119485442, 'visible_fraction': 1.0, 'relative_motion': 0.0022744558370299765, 'camera_compensated': True, 'total_area_ratio': 1.0473652408300556}]",[],True
21,0.42,"[308.0, 70.0, 262.0, 264.0]",0.016773874987848103,0.0002264580107294023,,"[{'track_id': 'phys_assessed_object', 'label': 'assessed object', 'box': [0.36065573770491804, 0.14583333333333334, 0.667447306791569, 0.6958333333333333], 'timestamp': 0.42, 'evidence_id': 'ego:22', 'visibility': 'visible', 'confidence': 0.7840820097113662, 'confidence_kind': 'uncalibrated_heuristic', 'calibrated_confidence': None, 'appearance_distance': 0.2159179902886338, 'visible_fraction': 1.0, 'relative_motion': 0.0022062277552230606, 'camera_compensated': True, 'total_area_ratio': 1.0473652408300556}]",[],True
22,0.44,"[310.0, 66.0, 266.0, 268.0]",0.016239082964602858,0.0002037919475696981,,"[{'track_id': 'phys_assessed_object', 'label': 'assessed object', 'box': [0.3629976580796253, 0.1375, 0.6744730679156908, 0.6958333333333333], 'timestamp': 0.44, 'evidence_id': 'ego:23', 'visibility': 'visible', 'confidence': 0.8019399711278564, 'confidence_kind': 'uncalibrated_heuristic', 'calibrated_confidence': None, 'appearance_distance': 0.19806002887214355, 'visible_fraction': 1.0, 'relative_motion': 0.003018661175807947, 'camera_compensated': True, 'total_area_ratio': 1.0794669975753675}]",[],True
23,0.46,"[314.0, 66.0, 266.0, 268.0]",0.015662833000533283,0.00021495798137038946,,"[{'track_id': 'phys_assessed_object', 'label': 'assessed object', 'box': [0.36768149882903983, 0.1375, 0.6791569086651054, 0.6958333333333333], 'timestamp': 0.46, 'evidence_id': 'ego:24', 'visibility': 'visible', 'confidence': 0.807549637914234, 'confidence_kind': 'uncalibrated_heuristic', 'calibrated_confidence': None, 'appearance_distance': 0.1924503620857661, 'visible_fraction': 1.0, 'relative_motion': 0.004401373910168347, 'camera_compensated': True, 'total_area_ratio': 1.0794669975753675}]",[],True
24,0.48,"[314.0, 62.00000000000001, 266.0, 268.0]",0.021073041018098593,0.00018262502271682024,,"[{'track_id': 'phys_assessed_object', 'label': 'assessed object', 'box': [0.36768149882903983, 0.12916666666666668, 0.6791569086651054, 0.6875], 'timestamp': 0.48, 'evidence_id': 'ego:25', 'visibility': 'visible', 'confidence': 0.812485530077402, 'confidence_kind': 'uncalibrated_heuristic', 'calibrated_confidence': None, 'appearance_distance': 0.187514469922598, 'visible_fraction': 1.0, 'relative_motion': 0.006441635749831954, 'camera_compensated': True, 'total_area_ratio': 1.0794669975753675}]",[],True
25,0.5,"[316.0, 62.00000000000001, 266.0, 268.0]",0.017508832970634103,0.0002538330154493451,,"[{'track_id': 'phys_assessed_object', 'label': 'assessed object', 'box': [0.3700234192037471, 0.12916666666666668, 0.6814988290398126, 0.6875], 'timestamp': 0.5, 'evidence_id': 'ego:26', 'visibility': 'visible', 'confidence': 0.8068608915431013, 'confidence_kind': 'uncalibrated_heuristic', 'calibrated_confidence': None, 'appearance_distance': 0.1931391084568988, 'visible_fraction': 1.0, 'relative_motion': 0.0024603296891321266, 'camera_compensated': True, 'total_area_ratio': 1.0794669975753675}]",[],True
26,0.52,"[314.0, 58.0, 272.0, 274.0]",0.017163833021186292,0.00021279201610013843,,"[{'track_id': 'phys_assessed_object', 'label': 'assessed object', 'box': [0.36768149882903983, 0.12083333333333333, 0.6861826697892272, 0.6916666666666667], 'timestamp': 0.52, 'evidence_id': 'ego:27', 'visibility': 'visible', 'confidence': 0.8043368819606219, 'confidence_kind': 'uncalibrated_heuristic', 'calibrated_confidence': None, 'appearance_distance': 0.19566311803937805, 'visible_fraction': 1.0, 'relative_motion': 0.0023842918814829034, 'camera_compensated': True, 'total_area_ratio': 1.1285281729785797}]",[],True
27,0.54,"[312.0, 58.0, 272.0, 274.0]",0.016712833021301776,0.0001812499831430614,,"[{'track_id': 'phys_assessed_object', 'label': 'assessed object', 'box': [0.36533957845433257, 0.12083333333333333, 0.6838407494145199, 0.6916666666666667], 'timestamp': 0.54, 'evidence_id': 'ego:28', 'visibility': 'visible', 'confidence': 0.799383362254693, 'confidence_kind': 'uncalibrated_heuristic', 'calibrated_confidence': None, 'appearance_distance': 0.200616637745307, 'visible_fraction': 1.0, 'relative_motion': 0.002415842257955957, 'camera_compensated': True, 'total_area_ratio': 1.1285281729785797}]",[],True
28,0.56,"[314.0, 60.0, 266.0, 268.0]",0.016435166995506734,0.00021408399334177375,,"[{'track_id': 'phys_assessed_object', 'label': 'assessed object', 'box': [0.36768149882903983, 0.125, 0.6791569086651054, 0.6833333333333333], 'timestamp': 0.56, 'evidence_id': 'ego:29', 'visibility': 'visible', 'confidence': 0.7900534140701923, 'confidence_kind': 'uncalibrated_heuristic', 'calibrated_confidence': None, 'appearance_distance': 0.20994658592980775, 'visible_fraction': 1.0, 'relative_motion': 0.000950395389184629, 'camera_compensated': True, 'total_area_ratio': 1.0794669975753675}]",[],True
29,0.58,"[312.0, 58.0, 272.0, 274.0]",0.017171833023894578,0.00028962496435269713,,"[{'track_id': 'phys_assessed_object', 'label': 'assessed object', 'box': [0.36533957845433257, 0.12083333333333333, 0.6838407494145199, 0.6916666666666667], 'timestamp': 0.58, 'evidence_id': 'ego:30', 'visibility': 'visible', 'confidence': 0.7908596765039317, 'confidence_kind': 'uncalibrated_heuristic', 'calibrated_confidence': None, 'appearance_distance': 0.20914032349606831, 'visible_fraction': 1.0, 'relative_motion': 0.0037786331956956676, 'camera_compensated': True, 'total_area_ratio': 1.1285281729785797}]",[],True
30,0.6,"[310.0, 58.0, 272.0, 274.0]",0.01830320799490437,0.0001599160023033619,,"[{'track_id': 'phys_assessed_object', 'label': 'assessed object', 'box': [0.3629976580796253, 0.12083333333333333, 0.6814988290398126, 0.6916666666666667], 'timestamp': 0.6, 'evidence_id': 'ego:31', 'visibility': 'visible', 'confidence': 0.7890387348512964, 'confidence_kind': 'uncalibrated_heuristic', 'calibrated_confidence': None, 'appearance_distance': 0.21096126514870361, 'visible_fraction': 1.0, 'relative_motion': 0.0006336246038896927, 'camera_compensated': True, 'total_area_ratio': 1.1285281729785797}]",[],True
31,0.62,"[308.0, 58.0, 272.0, 274.0]",0.01785199996083975,0.00017620797734707594,,"[{'track_id': 'phys_assessed_object', 'label': 'assessed object', 'box': [0.36065573770491804, 0.12083333333333333, 0.6791569086651054, 0.6916666666666667], 'timestamp': 0.62, 'evidence_id': 'ego:32', 'visibility': 'visible', 'confidence': 0.7839991908024218, 'confidence_kind': 'uncalibrated_heuristic', 'calibrated_confidence': None, 'appearance_distance': 0.2160008091975782, 'visible_fraction': 1.0, 'relative_motion': 0.000848358236276577, 'camera_compensated': True, 'total_area_ratio': 1.1285281729785797}]",[],True
32,0.64,"[310.0, 62.00000000000001, 266.0, 268.0]",0.017531457997392863,0.00018020899733528495,,"[{'track_id': 'phys_assessed_object', 'label': 'assessed object', 'box': [0.3629976580796253, 0.12916666666666668, 0.6744730679156908, 0.6875], 'timestamp': 0.64, 'evidence_id': 'ego:33', 'visibility': 'visible', 'confidence': 0.7915541035931739, 'confidence_kind': 'uncalibrated_heuristic', 'calibrated_confidence': None, 'appearance_distance': 0.20844589640682604, 'visible_fraction': 1.0, 'relative_motion': 0.001073549844754274, 'camera_compensated': True, 'total_area_ratio': 1.0794669975753675}]",[],True
33,0.66,"[308.0, 62.00000000000001, 266.0, 268.0]",0.017826583003625274,0.00022366602206602693,,"[{'track_id': 'phys_assessed_object', 'label': 'assessed object', 'box': [0.36065573770491804, 0.12916666666666668, 0.6721311475409836, 0.6875], 'timestamp': 0.66, 'evidence_id': 'ego:34', 'visibility': 'visible', 'confidence': 0.7841922838579414, 'confidence_kind': 'uncalibrated_heuristic', 'calibrated_confidence': None, 'appearance_distance': 0.21580771614205868, 'visible_fraction': 1.0, 'relative_motion': 0.0026034240204619893, 'camera_compensated': True, 'total_area_ratio': 1.0794669975753675}]",[],True
34,0.68,"[306.0, 68.0, 262.0, 264.0]",0.016774291987530887,0.00018320797244086862,,"[{'track_id': 'phys_assessed_object', 'label': 'assessed object', 'box': [0.3583138173302108, 0.14166666666666666, 0.6651053864168618, 0.6916666666666667], 'timestamp': 0.68, 'evidence_id': 'ego:35', 'visibility': 'visible', 'confidence': 0.7828654965686649, 'confidence_kind': 'uncalibrated_heuristic', 'calibrated_confidence': None, 'appearance_distance': 0.2171345034313351, 'visible_fraction': 1.0, 'relative_motion': 0.004970139318336755, 'camera_compensated': True, 'total_area_ratio': 1.0473652408300558}]",[],True
35,0.7000000000000001,"[300.0, 70.0, 262.0, 264.0]",0.017683458980172873,0.00026845798129215837,,"[{'track_id': 'phys_assessed_object', 'label': 'assessed object', 'box': [0.351288056206089, 0.14583333333333334, 0.65807962529274, 0.6958333333333333], 'timestamp': 0.7, 'evidence_id': 'ego:36', 'visibility': 'visible', 'confidence': 0.7665814263814227, 'confidence_kind': 'uncalibrated_heuristic', 'calibrated_confidence': None, 'appearance_distance': 0.2334185736185773, 'visible_fraction': 1.0, 'relative_motion': 0.0033804215072201415, 'camera_compensated': True, 'total_area_ratio': 1.0473652408300556}]",[],True
36,0.72,"[296.0, 70.0, 262.0, 264.0]",0.017071291978936642,0.00025224999990314245,,"[{'track_id': 'phys_assessed_object', 'label': 'assessed object', 'box': [0.34660421545667447, 0.14583333333333334, 0.6533957845433255, 0.6958333333333333], 'timestamp': 0.72, 'evidence_id': 'ego:37', 'visibility': 'visible', 'confidence': 0.7775173794328093, 'confidence_kind': 'uncalibrated_heuristic', 'calibrated_confidence': None, 'appearance_distance': 0.22248262056719068, 'visible_fraction': 1.0, 'relative_motion': 0.0032379568529143686, 'camera_compensated': True, 'total_area_ratio': 1.0473652408300556}]",[],True
37,0.74,"[290.0, 72.0, 262.0, 264.0]",0.01763270900119096,0.00017954199574887753,,"[{'track_id': 'phys_assessed_object', 'label': 'assessed object', 'box': [0.3395784543325527, 0.15, 0.6463700234192038, 0.7], 'timestamp': 0.74, 'evidence_id': 'ego:38', 'visibility': 'visible', 'confidence': 0.7510756035845363, 'confidence_kind': 'uncalibrated_heuristic', 'calibrated_confidence': None, 'appearance_distance': 0.24892439641546377, 'visible_fraction': 1.0, 'relative_motion': 0.0028577977377705777, 'camera_compensated': True, 'total_area_ratio': 1.047365240830056}]",[],True
38,0.76,"[286.0, 76.0, 256.0, 258.0]",0.017491665959823877,0.00022854201961308718,,"[{'track_id': 'phys_assessed_object', 'label': 'assessed object', 'box': [0.33489461358313816, 0.15833333333333333, 0.6346604215456675, 0.6958333333333333], 'timestamp': 0.76, 'evidence_id': 'ego:39', 'visibility': 'visible', 'confidence': 0.7570782566757515, 'confidence_kind': 'uncalibrated_heuristic', 'calibrated_confidence': None, 'appearance_distance': 0.2429217433242486, 'visible_fraction': 1.0, 'relative_motion': 0.0030708824135833724, 'camera_compensated': True, 'total_area_ratio': 1.0001211459973331}]",[],True
39,0.78,"[278.0, 76.0, 256.0, 258.0]",0.018287749961018562,0.00024320901138707995,,"[{'track_id': 'phys_assessed_object', 'label': 'assessed object', 'box': [0.3255269320843091, 0.15833333333333333, 0.6252927400468384, 0.6958333333333333], 'timestamp': 0.78, 'evidence_id': 'ego:40', 'visibility': 'visible', 'confidence': 0.7248807852633694, 'confidence_kind': 'uncalibrated_heuristic', 'calibrated_confidence': None, 'appearance_distance': 0.2751192147366306, 'visible_fraction': 1.0, 'relative_motion': 0.005306588279447388, 'camera_compensated': True, 'total_area_ratio': 1.0001211459973331}]",[],True
40,0.8,"[268.0, 78.0, 262.0, 264.0]",0.018047166988253593,0.00021799997193738818,,"[{'track_id': 'phys_assessed_object', 'label': 'assessed object', 'box': [0.31381733021077285, 0.1625, 0.6206088992974239, 0.7125], 'timestamp': 0.8, 'evidence_id': 'ego:41', 'visibility': 'visible', 'confidence': 0.7387659447762438, 'confidence_kind': 'uncalibrated_heuristic', 'calibrated_confidence': None, 'appearance_distance': 0.26123405522375615, 'visible_fraction': 1.0, 'relative_motion': 0.005740907683017851, 'camera_compensated': True, 'total_area_ratio': 1.047365240830056}]",[],True
41,0.8200000000000001,"[262.0, 84.0, 256.0, 258.0]",0.01836258399998769,0.00020995899103581905,,"[{'track_id': 'phys_assessed_object', 'label': 'assessed object', 'box': [0.30679156908665106, 0.175, 0.6065573770491803, 0.7125], 'timestamp': 0.82, 'evidence_id': 'ego:42', 'visibility': 'visible', 'confidence': 0.689508456601683, 'confidence_kind': 'uncalibrated_heuristic', 'calibrated_confidence': None, 'appearance_distance': 0.31049154339831697, 'visible_fraction': 1.0, 'relative_motion': 0.0044719301202963664, 'camera_compensated': True, 'total_area_ratio': 1.0001211459973331}]",[],True
42,0.84,"[254.0, 88.0, 256.0, 258.0]",0.01741920900531113,0.0001966250129044056,,"[{'track_id': 'phys_assessed_object', 'label': 'assessed object', 'box': [0.297423887587822, 0.18333333333333332, 0.5971896955503513, 0.7208333333333333], 'timestamp': 0.84, 'evidence_id': 'ego:43', 'visibility': 'visible', 'confidence': 0.6887296810844725, 'confidence_kind': 'uncalibrated_heuristic', 'calibrated_confidence': None, 'appearance_distance': 0.3112703189155275, 'visible_fraction': 1.0, 'relative_motion': 0.0033811178440405804, 'camera_compensated': True, 'total_area_ratio': 1.0001211459973331}]",[],True
43,0.86,"[246.0, 94.0, 256.0, 258.0]",0.01795829099137336,0.0005426250281743705,,"[{'track_id': 'phys_assessed_object', 'label': 'assessed object', 'box': [0.28805620608899296, 0.19583333333333333, 0.5878220140515222, 0.7333333333333333], 'timestamp': 0.86, 'evidence_id': 'ego:44', 'visibility': 'visible', 'confidence': 0.6671601537929185, 'confidence_kind': 'uncalibrated_heuristic', 'calibrated_confidence': None, 'appearance_distance': 0.3328398462070815, 'visible_fraction': 1.0, 'relative_motion': 0.007228564595831299, 'camera_compensated': True, 'total_area_ratio': 1.0001211459973331}]",[],True
44,0.88,"[237.99999999999997, 96.0, 262.0, 264.0]",0.020596957998350263,0.00018370803445577621,,"[{'track_id': 'phys_assessed_object', 'label': 'assessed object', 'box': [0.2786885245901639, 0.2, 0.585480093676815, 0.75], 'timestamp': 0.88, 'evidence_id': 'ego:45', 'visibility': 'visible', 'confidence': 0.6681482168681863, 'confidence_kind': 'uncalibrated_heuristic', 'calibrated_confidence': None, 'appearance_distance': 0.3318517831318137, 'visible_fraction': 1.0, 'relative_motion': 0.003239416684085754, 'camera_compensated': True, 'total_area_ratio': 1.047365240830056}]",[],True
45,0.9,"[230.00000000000003, 100.0, 262.0, 264.0]",0.022119416040368378,0.0002786249970085919,,"[{'track_id': 'phys_assessed_object', 'label': 'assessed object', 'box': [0.2693208430913349, 0.20833333333333334, 0.5761124121779859, 0.7583333333333333], 'timestamp': 0.9, 'evidence_id': 'ego:46', 'visibility': 'visible', 'confidence': 0.6430200870293596, 'confidence_kind': 'uncalibrated_heuristic', 'calibrated_confidence': None, 'appearance_distance': 0.35697991297064036, 'visible_fraction': 1.0, 'relative_motion': 0.003395023781924293, 'camera_compensated': True, 'total_area_ratio': 1.0473652408300556}]",[],True
46,0.92,"[222.0, 106.0, 261.99999999999994, 264.0]",0.021374000003561378,0.000220416986849159,,"[{'track_id': 'phys_assessed_object', 'label': 'assessed object', 'box': [0.25995316159250587, 0.22083333333333333, 0.5667447306791569, 0.7708333333333334], 'timestamp': 0.92, 'evidence_id': 'ego:47', 'visibility': 'visible', 'confidence': 0.6460743105967239, 'confidence_kind': 'uncalibrated_heuristic', 'calibrated_confidence': None, 'appearance_distance': 0.353925689403276, 'visible_fraction': 1.0, 'relative_motion': 0.005452595824864146, 'camera_compensated': True, 'total_area_ratio': 1.0473652408300558}]",[],True
47,0.9400000000000002,"[216.0, 112.0, 261.99999999999994, 264.0]",0.024779125000350177,0.00023100001271814108,,"[{'track_id': 'phys_assessed_object', 'label': 'assessed object', 'box': [0.2529274004683841, 0.23333333333333334, 0.5597189695550351, 0.7833333333333333], 'timestamp': 0.94, 'evidence_id': 'ego:48', 'visibility': 'visible', 'confidence': 0.6226127478847305, 'confidence_kind': 'uncalibrated_heuristic', 'calibrated_confidence': None, 'appearance_distance': 0.3773872521152695, 'visible_fraction': 1.0, 'relative_motion': 0.005840667983531125, 'camera_compensated': True, 'total_area_ratio': 1.0473652408300558}]",[],True
48,0.96,"[210.0, 116.0, 261.99999999999994, 264.0]",0.021243292023427784,0.00023983395658433437,,"[{'track_id': 'phys_assessed_object', 'label': 'assessed object', 'box': [0.2459016393442623, 0.24166666666666667, 0.5526932084309133, 0.7916666666666666], 'timestamp': 0.96, 'evidence_id': 'ego:49', 'visibility': 'visible', 'confidence': 0.6410369492132058, 'confidence_kind': 'uncalibrated_heuristic', 'calibrated_confidence': None, 'appearance_distance': 0.3589630507867943, 'visible_fraction': 1.0, 'relative_motion': 0.004566634496525462, 'camera_compensated': True, 'total_area_ratio': 1.0473652408300556}]",[],True
49,0.98,"[206.0, 120.0, 262.00000000000006, 264.0]",0.017229791032150388,0.0002619579900056124,,"[{'track_id': 'phys_assessed_object', 'label': 'assessed object', 'box': [0.24121779859484777, 0.25, 0.5480093676814989, 0.8], 'timestamp': 0.98, 'evidence_id': 'ego:50', 'visibility': 'visible', 'confidence': 0.6177871338453053, 'confidence_kind': 'uncalibrated_heuristic', 'calibrated_confidence': None, 'appearance_distance': 0.38221286615469474, 'visible_fraction': 1.0, 'relative_motion': 0.0030115068943432134, 'camera_compensated': True, 'total_area_ratio': 1.0473652408300562}]",[],True
50,1.0,"[198.0, 122.0, 266.00000000000006, 268.0]",0.017942874983418733,0.0002220839960500598,,"[{'track_id': 'phys_assessed_object', 'label': 'assessed object', 'box': [0.23185011709601874, 0.25416666666666665, 0.5433255269320844, 0.8125], 'timestamp': 1.0, 'evidence_id': 'ego:51', 'visibility': 'visible', 'confidence': 0.6299411167411896, 'confidence_kind': 'uncalibrated_heuristic', 'calibrated_confidence': None, 'appearance_distance': 0.3700588832588104, 'visible_fraction': 1.0, 'relative_motion': 0.005496069585340191, 'camera_compensated': True, 'total_area_ratio': 1.0794669975753677}]",[],True
51,1.02,"[196.0, 126.0, 266.00000000000006, 268.0]",0.01826554100262001,0.00017437501810491085,,"[{'track_id': 'phys_assessed_object', 'label': 'assessed object', 'box': [0.22950819672131148, 0.2625, 0.5409836065573771, 0.8208333333333333], 'timestamp': 1.02, 'evidence_id': 'ego:52', 'visibility': 'visible', 'confidence': 0.6218986951963603, 'confidence_kind': 'uncalibrated_heuristic', 'calibrated_confidence': None, 'appearance_distance': 0.37810130480363974, 'visible_fraction': 1.0, 'relative_motion': 0.002732510420258755, 'camera_compensated': True, 'total_area_ratio': 1.0794669975753677}]",[],True
52,1.04,"[192.0, 126.0, 272.00000000000006, 274.0]",0.01788599998690188,0.00016141700325533748,,"[{'track_id': 'phys_assessed_object', 'label': 'assessed object', 'box': [0.22482435597189696, 0.2625, 0.5433255269320844, 0.8333333333333334], 'timestamp': 1.04, 'evidence_id': 'ego:53', 'visibility': 'visible', 'confidence': 0.646156160429467, 'confidence_kind': 'uncalibrated_heuristic', 'calibrated_confidence': None, 'appearance_distance': 0.353843839570533, 'visible_fraction': 1.0, 'relative_motion': 0.0013748694011436078, 'camera_compensated': True, 'total_area_ratio': 1.1285281729785799}]",[],True
53,1.06,"[190.0, 128.0, 272.00000000000006, 274.0]",0.018635249987710267,0.0002589999930933118,,"[{'track_id': 'phys_assessed_object', 'label': 'assessed object', 'box': [0.2224824355971897, 0.26666666666666666, 0.5409836065573771, 0.8375], 'timestamp': 1.06, 'evidence_id': 'ego:54', 'visibility': 'visible', 'confidence': 0.619649055124275, 'confidence_kind': 'uncalibrated_heuristic', 'calibrated_confidence': None, 'appearance_distance': 0.38035094487572496, 'visible_fraction': 1.0, 'relative_motion': 0.0025175346414367103, 'camera_compensated': True, 'total_area_ratio': 1.1285281729785799}]",[],True
54,1.08,"[190.0, 134.0, 266.00000000000006, 268.0]",0.018256082956213504,0.00019866699585691094,,"[{'track_id': 'phys_assessed_object', 'label': 'assessed object', 'box': [0.2224824355971897, 0.2791666666666667, 0.5339578454332553, 0.8375], 'timestamp': 1.08, 'evidence_id': 'ego:55', 'visibility': 'visible', 'confidence': 0.6325980351692897, 'confidence_kind': 'uncalibrated_heuristic', 'calibrated_confidence': None, 'appearance_distance': 0.36740196483071036, 'visible_fraction': 1.0, 'relative_motion': 0.0039050986406221526, 'camera_compensated': True, 'total_area_ratio': 1.0794669975753677}]",[],True
55,1.1,"[180.0, 130.0, 278.00000000000006, 280.0]",0.019334000011440367,0.00021295796614140272,,"[{'track_id': 'phys_assessed_object', 'label': 'assessed object', 'box': [0.2107728337236534, 0.2708333333333333, 0.5362997658079626, 0.8541666666666666], 'timestamp': 1.1, 'evidence_id': 'ego:56', 'visibility': 'visible', 'confidence': 0.6134363419666256, 'confidence_kind': 'uncalibrated_heuristic', 'calibrated_confidence': None, 'appearance_distance': 0.3865636580333744, 'visible_fraction': 1.0, 'relative_motion': 0.004519968214677184, 'camera_compensated': True, 'total_area_ratio': 1.1786795967240855}]",[],True
56,1.12,"[178.0, 132.0, 278.00000000000006, 280.0]",0.018461415951605886,0.000232374994084239,,"[{'track_id': 'phys_assessed_object', 'label': 'assessed object', 'box': [0.20843091334894615, 0.275, 0.5339578454332553, 0.8583333333333333], 'timestamp': 1.12, 'evidence_id': 'ego:57', 'visibility': 'visible', 'confidence': 0.6263713150529269, 'confidence_kind': 'uncalibrated_heuristic', 'calibrated_confidence': None, 'appearance_distance': 0.3736286849470731, 'visible_fraction': 1.0, 'relative_motion': 0.002235669895143338, 'camera_compensated': True, 'total_area_ratio': 1.1786795967240855}]",[],True
57,1.1400000000000001,"[172.0, 130.0, 282.00000000000006, 284.0]",0.01986158301588148,0.0002234169514849782,,"[{'track_id': 'phys_assessed_object', 'label': 'assessed object', 'box': [0.20140515222482436, 0.2708333333333333, 0.531615925058548, 0.8625], 'timestamp': 1.14, 'evidence_id': 'ego:58', 'visibility': 'visible', 'confidence': 0.5912534239765825, 'confidence_kind': 'uncalibrated_heuristic', 'calibrated_confidence': None, 'appearance_distance': 0.4087465760234174, 'visible_fraction': 1.0, 'relative_motion': 0.005987728804080435, 'camera_compensated': True, 'total_area_ratio': 1.2127195727445863}]",[],True
58,1.16,"[172.0, 138.0, 278.0, 280.0]",0.01924808300100267,0.00021837500389665365,,"[{'track_id': 'phys_assessed_object', 'label': 'assessed object', 'box': [0.20140515222482436, 0.2875, 0.5269320843091335, 0.8708333333333333], 'timestamp': 1.16, 'evidence_id': 'ego:59', 'visibility': 'visible', 'confidence': 0.5945294152840153, 'confidence_kind': 'uncalibrated_heuristic', 'calibrated_confidence': None, 'appearance_distance': 0.4054705847159848, 'visible_fraction': 1.0, 'relative_motion': 0.008934452688289045, 'camera_compensated': True, 'total_area_ratio': 1.1786795967240857}]",[],True
59,1.18,"[166.0, 138.0, 278.0, 280.0]",0.018274875008501112,0.000212125014513731,,"[{'track_id': 'phys_assessed_object', 'label': 'assessed object', 'box': [0.19437939110070257, 0.2875, 0.5199063231850117, 0.8708333333333333], 'timestamp': 1.18, 'evidence_id': 'ego:60', 'visibility': 'visible', 'confidence': 0.5817725908631474, 'confidence_kind': 'uncalibrated_heuristic', 'calibrated_confidence': None, 'appearance_distance': 0.41822740913685263, 'visible_fraction': 1.0, 'relative_motion': 0.007856119527026311, 'camera_compensated': True, 'total_area_ratio': 1.1786795967240857}]",[],True
60,1.2,"[160.0, 140.0, 282.0, 284.0]",0.01913829200202599,0.0002811249578371644,,"[{'track_id': 'phys_assessed_object', 'label': 'assessed object', 'box': [0.1873536299765808, 0.2916666666666667, 0.5175644028103045, 0.8833333333333333], 'timestamp': 1.2, 'evidence_id': 'ego:61', 'visibility': 'visible', 'confidence': 0.5991996094215781, 'confidence_kind': 'uncalibrated_heuristic', 'calibrated_confidence': None, 'appearance_distance': 0.4008003905784218, 'visible_fraction': 1.0, 'relative_motion': 0.005926936474054707, 'camera_compensated': True, 'total_area_ratio': 1.2127195727445859}]",[],True
61,1.22,"[156.0, 140.0, 288.0, 290.0]",0.018332040985114872,0.00024137500440701842,,"[{'track_id': 'phys_assessed_object', 'label': 'assessed object', 'box': [0.18266978922716628, 0.2916666666666667, 0.5199063231850117, 0.8958333333333334], 'timestamp': 1.22, 'evidence_id': 'ego:62', 'visibility': 'visible', 'confidence': 0.5571310774410667, 'confidence_kind': 'uncalibrated_heuristic', 'calibrated_confidence': None, 'appearance_distance': 0.44286892255893323, 'visible_fraction': 1.0, 'relative_motion': 0.003133839922037883, 'camera_compensated': True, 'total_area_ratio': 1.2646880770605815}]",[],True
62,1.24,"[146.0, 134.0, 300.0, 302.0]",0.017413333000149578,0.00023016700288280845,,"[{'track_id': 'phys_assessed_object', 'label': 'assessed object', 'box': [0.17096018735362997, 0.2791666666666667, 0.522248243559719, 0.9083333333333333], 'timestamp': 1.24, 'evidence_id': 'ego:63', 'visibility': 'visible', 'confidence': 0.5503135539439368, 'confidence_kind': 'uncalibrated_heuristic', 'calibrated_confidence': None, 'appearance_distance': 0.44968644605606317, 'visible_fraction': 1.0, 'relative_motion': 0.006254707708091327, 'camera_compensated': True, 'total_area_ratio': 1.3718958307194522}]",[],True
63,1.26,"[144.0, 138.0, 300.0, 302.0]",0.017582375032361597,0.00023150001652538776,,"[{'track_id': 'phys_assessed_object', 'label': 'assessed object', 'box': [0.1686182669789227, 0.2875, 0.5199063231850117, 0.9166666666666666], 'timestamp': 1.26, 'evidence_id': 'ego:64', 'visibility': 'visible', 'confidence': 0.5371896576163337, 'confidence_kind': 'uncalibrated_heuristic', 'calibrated_confidence': None, 'appearance_distance': 0.46281034238366625, 'visible_fraction': 1.0, 'relative_motion': 0.007088748478193991, 'camera_compensated': True, 'total_area_ratio': 1.3718958307194522}]",[],True
64,1.28,"[140.0, 136.0, 306.0, 308.0]",0.01916224998421967,0.00016237504314631224,,"[{'track_id': 'phys_assessed_object', 'label': 'assessed object', 'box': [0.16393442622950818, 0.2833333333333333, 0.522248243559719, 0.925], 'timestamp': 1.28, 'evidence_id': 'ego:65', 'visibility': 'visible', 'confidence': 0.572294048273035, 'confidence_kind': 'uncalibrated_heuristic', 'calibrated_confidence': None, 'appearance_distance': 0.427705951726965, 'visible_fraction': 1.0, 'relative_motion': 0.0019062232609649617, 'camera_compensated': True, 'total_area_ratio': 1.4271350800623284}]",[],True
65,1.3,"[134.0, 134.0, 312.0, 314.0]",0.019801874994300306,0.0002823749673552811,,"[{'track_id': 'phys_assessed_object', 'label': 'assessed object', 'box': [0.15690866510538642, 0.2791666666666667, 0.522248243559719, 0.9333333333333333], 'timestamp': 1.3, 'evidence_id': 'ego:66', 'visibility': 'visible', 'confidence': 0.5149363514762465, 'confidence_kind': 'uncalibrated_heuristic', 'calibrated_confidence': None, 'appearance_distance': 0.4850636485237535, 'visible_fraction': 1.0, 'relative_motion': 0.004014898386337418, 'camera_compensated': True, 'total_area_ratio': 1.4834645777474977}]",[],True
66,1.32,"[128.0, 134.0, 318.0, 320.0]",0.01838520896853879,0.00018495804397389293,,"[{'track_id': 'phys_assessed_object', 'label': 'assessed object', 'box': [0.14988290398126464, 0.2791666666666667, 0.522248243559719, 0.9458333333333333], 'timestamp': 1.32, 'evidence_id': 'ego:67', 'visibility': 'visible', 'confidence': 0.5254202572076503, 'confidence_kind': 'uncalibrated_heuristic', 'calibrated_confidence': None, 'appearance_distance': 0.4745797427923497, 'visible_fraction': 1.0, 'relative_motion': 0.006347784104886176, 'camera_compensated': True, 'total_area_ratio': 1.5408843237749608}]",[],True
67,1.34,"[132.0, 138.0, 312.0, 314.0]",0.017936707998160273,0.00021070800721645355,,"[{'track_id': 'phys_assessed_object', 'label': 'assessed object', 'box': [0.15456674473067916, 0.2875, 0.5199063231850117, 0.9416666666666667], 'timestamp': 1.34, 'evidence_id': 'ego:68', 'visibility': 'visible', 'confidence': 0.4997091461417572, 'confidence_kind': 'uncalibrated_heuristic', 'calibrated_confidence': None, 'appearance_distance': 0.5002908538582428, 'visible_fraction': 1.0, 'relative_motion': 0.0011551371594703357, 'camera_compensated': True, 'total_area_ratio': 1.4834645777474977}]",[],True
68,1.36,"[126.0, 136.0, 318.0, 320.0]",0.018581958021968603,0.0005977500113658607,,"[{'track_id': 'phys_assessed_object', 'label': 'assessed object', 'box': [0.14754098360655737, 0.2833333333333333, 0.5199063231850117, 0.95], 'timestamp': 1.36, 'evidence_id': 'ego:69', 'visibility': 'visible', 'confidence': 0.5296473960444814, 'confidence_kind': 'uncalibrated_heuristic', 'calibrated_confidence': None, 'appearance_distance': 0.47035260395551864, 'visible_fraction': 1.0, 'relative_motion': 0.003628306850886988, 'camera_compensated': True, 'total_area_ratio': 1.5408843237749608}]",[],True
69,1.3800000000000003,"[126.0, 140.0, 318.0, 320.0]",0.018159749975893646,0.00021412502974271774,,"[{'track_id': 'phys_assessed_object', 'label': 'assessed object', 'box': [0.14754098360655737, 0.2916666666666667, 0.5199063231850117, 0.9583333333333334], 'timestamp': 1.38, 'evidence_id': 'ego:70', 'visibility': 'visible', 'confidence': 0.48623696590474463, 'confidence_kind': 'uncalibrated_heuristic', 'calibrated_confidence': None, 'appearance_distance': 0.5137630340952554, 'visible_fraction': 1.0, 'relative_motion': 0.007338320946796923, 'camera_compensated': True, 'total_area_ratio': 1.5408843237749612}]",[],True
70,1.4000000000000001,"[124.0, 142.0, 318.0, 320.0]",0.018883874989114702,0.00023379200138151646,,"[{'track_id': 'phys_assessed_object', 'label': 'assessed object', 'box': [0.1451990632318501, 0.29583333333333334, 0.5175644028103045, 0.9625], 'timestamp': 1.4, 'evidence_id': 'ego:71', 'visibility': 'visible', 'confidence': 0.49515653945594273, 'confidence_kind': 'uncalibrated_heuristic', 'calibrated_confidence': None, 'appearance_distance': 0.5048434605440573, 'visible_fraction': 1.0, 'relative_motion': 0.0044481879084272355, 'camera_compensated': True, 'total_area_ratio': 1.5408843237749612}]",[],True
71,1.42,"[124.0, 144.0, 318.0, 320.0]",0.01789258304052055,0.0002079169498756528,,"[{'track_id': 'phys_assessed_object', 'label': 'assessed object', 'box': [0.1451990632318501, 0.3, 0.5175644028103045, 0.9666666666666667], 'timestamp': 1.42, 'evidence_id': 'ego:72', 'visibility': 'visible', 'confidence': 0.4817583978956542, 'confidence_kind': 'uncalibrated_heuristic', 'calibrated_confidence': None, 'appearance_distance': 0.5182416021043458, 'visible_fraction': 1.0, 'relative_motion': 0.0022586619756047315, 'camera_compensated': True, 'total_area_ratio': 1.5408843237749612}]",[],True
72,1.44,"[128.0, 148.0, 312.0, 314.0]",0.018405625014565885,0.00023754197172820568,,"[{'track_id': 'phys_assessed_object', 'label': 'assessed object', 'box': [0.14988290398126464, 0.30833333333333335, 0.5152224824355972, 0.9625], 'timestamp': 1.44, 'evidence_id': 'ego:73', 'visibility': 'visible', 'confidence': 0.5250548278866094, 'confidence_kind': 'uncalibrated_heuristic', 'calibrated_confidence': None, 'appearance_distance': 0.47494517211339066, 'visible_fraction': 1.0, 'relative_motion': 0.0014891524344810456, 'camera_compensated': True, 'total_area_ratio': 1.4834645777474977}]",[],True
73,1.46,"[119.99999999999999, 140.0, 324.0, 328.0]",0.019920833001378924,0.00019737501861527562,,"[{'track_id': 'phys_assessed_object', 'label': 'assessed object', 'box': [0.1405152224824356, 0.2916666666666667, 0.5199063231850117, 0.975], 'timestamp': 1.46, 'evidence_id': 'ego:74', 'visibility': 'visible', 'confidence': 0.500596150374639, 'confidence_kind': 'uncalibrated_heuristic', 'calibrated_confidence': None, 'appearance_distance': 0.499403849625361, 'visible_fraction': 1.0, 'relative_motion': 0.003513282324289555, 'camera_compensated': True, 'total_area_ratio': 1.6092065532253603}]",[],True
74,1.48,"[126.0, 148.0, 312.0, 314.0]",0.01823162497021258,0.0001793749979697168,,"[{'track_id': 'phys_assessed_object', 'label': 'assessed object', 'box': [0.14754098360655737, 0.30833333333333335, 0.5128805620608899, 0.9625], 'timestamp': 1.48, 'evidence_id': 'ego:75', 'visibility': 'visible', 'confidence': 0.49973178214449543, 'confidence_kind': 'uncalibrated_heuristic', 'calibrated_confidence': None, 'appearance_distance': 0.5002682178555046, 'visible_fraction': 1.0, 'relative_motion': 0.0026223699743388616, 'camera_compensated': True, 'total_area_ratio': 1.4834645777474977}]",[],True
75,1.5,"[119.99999999999999, 138.0, 324.0, 328.0]",0.01947195897810161,0.00019991595763713121,,"[{'track_id': 'phys_assessed_object', 'label': 'assessed object', 'box': [0.1405152224824356, 0.2875, 0.5199063231850117, 0.9708333333333333], 'timestamp': 1.5, 'evidence_id': 'ego:76', 'visibility': 'visible', 'confidence': 0.4920893178780311, 'confidence_kind': 'uncalibrated_heuristic', 'calibrated_confidence': None, 'appearance_distance': 0.5079106821219689, 'visible_fraction': 1.0, 'relative_motion': 0.005184940621276587, 'camera_compensated': True, 'total_area_ratio': 1.6092065532253603}]",[],True
76,1.52,"[124.0, 142.0, 318.0, 320.0]",0.01798320800298825,0.00020520802354440093,,"[{'track_id': 'phys_assessed_object', 'label': 'assessed object', 'box': [0.1451990632318501, 0.29583333333333334, 0.5175644028103045, 0.9625], 'timestamp': 1.52, 'evidence_id': 'ego:77', 'visibility': 'visible', 'confidence': 0.5183006156569223, 'confidence_kind': 'uncalibrated_heuristic', 'calibrated_confidence': None, 'appearance_distance': 0.48169938434307774, 'visible_fraction': 1.0, 'relative_motion': 0.0017401967545358247, 'camera_compensated': True, 'total_area_ratio': 1.5408843237749612}]",[],True
77,1.54,"[128.0, 146.0, 312.0, 314.0]",0.01835704199038446,0.0002490420010872185,,"[{'track_id': 'phys_assessed_object', 'label': 'assessed object', 'box': [0.14988290398126464, 0.30416666666666664, 0.5152224824355972, 0.9583333333333334], 'timestamp': 1.54, 'evidence_id': 'ego:78', 'visibility': 'visible', 'confidence': 0.4881253140379691, 'confidence_kind': 'uncalibrated_heuristic', 'calibrated_confidence': None, 'appearance_distance': 0.5118746859620309, 'visible_fraction': 1.0, 'relative_motion': 0.003166766568480095, 'camera_compensated': True, 'total_area_ratio': 1.483464577747498}]",[],True
78,1.56,"[132.0, 148.0, 306.0, 308.0]",0.01866724999854341,0.0001789169618859887,,"[{'track_id': 'phys_assessed_object', 'label': 'assessed object', 'box': [0.15456674473067916, 0.30833333333333335, 0.5128805620608899, 0.95], 'timestamp': 1.56, 'evidence_id': 'ego:79', 'visibility': 'visible', 'confidence': 0.49718009018077614, 'confidence_kind': 'uncalibrated_heuristic', 'calibrated_confidence': None, 'appearance_distance': 0.5028199098192239, 'visible_fraction': 1.0, 'relative_motion': 0.002432617583681276, 'camera_compensated': True, 'total_area_ratio': 1.427135080062328}]",[],True
79,1.58,"[132.0, 150.0, 306.0, 308.0]",0.01823866699123755,0.00026704202173277736,,"[{'track_id': 'phys_assessed_object', 'label': 'assessed object', 'box': [0.15456674473067916, 0.3125, 0.5128805620608899, 0.9541666666666667], 'timestamp': 1.58, 'evidence_id': 'ego:80', 'visibility': 'visible', 'confidence': 0.48935359300178927, 'confidence_kind': 'uncalibrated_heuristic', 'calibrated_confidence': None, 'appearance_distance': 0.5106464069982107, 'visible_fraction': 1.0, 'relative_motion': 0.0032378441093897283, 'camera_compensated': True, 'total_area_ratio': 1.4271350800623281}]",[],True
80,1.6,"[136.0, 154.0, 300.0, 302.0]",0.019082584010902792,0.00019629200687631965,,"[{'track_id': 'phys_assessed_object', 'label': 'assessed object', 'box': [0.1592505854800937, 0.32083333333333336, 0.5105386416861827, 0.95], 'timestamp': 1.6, 'evidence_id': 'ego:81', 'visibility': 'visible', 'confidence': 0.5244410195745524, 'confidence_kind': 'uncalibrated_heuristic', 'calibrated_confidence': None, 'appearance_distance': 0.47555898042544764, 'visible_fraction': 1.0, 'relative_motion': 0.0017599065316536463, 'camera_compensated': True, 'total_area_ratio': 1.3718958307194522}]",[],True
81,1.62,"[134.0, 154.0, 300.0, 302.0]",0.018064584000967443,0.0001824999926611781,,"[{'track_id': 'phys_assessed_object', 'label': 'assessed object', 'box': [0.15690866510538642, 0.32083333333333336, 0.5081967213114754, 0.95], 'timestamp': 1.62, 'evidence_id': 'ego:82', 'visibility': 'visible', 'confidence': 0.4793294474870615, 'confidence_kind': 'uncalibrated_heuristic', 'calibrated_confidence': None, 'appearance_distance': 0.5206705525129385, 'visible_fraction': 1.0, 'relative_motion': 0.0020566868714798976, 'camera_compensated': True, 'total_area_ratio': 1.3718958307194522}]",[],True
82,1.6400000000000001,"[130.0, 152.0, 306.0, 308.0]",0.017631374998018146,0.00020362494979053736,,"[{'track_id': 'phys_assessed_object', 'label': 'assessed object', 'box': [0.1522248243559719, 0.31666666666666665, 0.5105386416861827, 0.9583333333333334], 'timestamp': 1.64, 'evidence_id': 'ego:83', 'visibility': 'visible', 'confidence': 0.48728585960796844, 'confidence_kind': 'uncalibrated_heuristic', 'calibrated_confidence': None, 'appearance_distance': 0.5127141403920316, 'visible_fraction': 1.0, 'relative_motion': 0.0021594659677430564, 'camera_compensated': True, 'total_area_ratio': 1.4271350800623281}]",[],True
83,1.6600000000000001,"[130.0, 154.0, 306.0, 308.0]",0.018986916984431446,0.00017808296252042055,,"[{'track_id': 'phys_assessed_object', 'label': 'assessed object', 'box': [0.1522248243559719, 0.32083333333333336, 0.5105386416861827, 0.9625], 'timestamp': 1.66, 'evidence_id': 'ego:84', 'visibility': 'visible', 'confidence': 0.47768818408884905, 'confidence_kind': 'uncalibrated_heuristic', 'calibrated_confidence': None, 'appearance_distance': 0.522311815911151, 'visible_fraction': 1.0, 'relative_motion': 0.0038731112409510046, 'camera_compensated': True, 'total_area_ratio': 1.427135080062328}]",[],True
84,1.68,"[132.0, 158.0, 300.0, 302.0]",0.01795845798915252,0.0002597499988041818,,"[{'track_id': 'phys_assessed_object', 'label': 'assessed object', 'box': [0.15456674473067916, 0.32916666666666666, 0.5058548009367682, 0.9583333333333334], 'timestamp': 1.68, 'evidence_id': 'ego:85', 'visibility': 'visible', 'confidence': 0.528245225288449, 'confidence_kind': 'uncalibrated_heuristic', 'calibrated_confidence': None, 'appearance_distance': 0.47175477471155103, 'visible_fraction': 1.0, 'relative_motion': 0.0015976210605857973, 'camera_compensated': True, 'total_area_ratio': 1.3718958307194522}]",[],True
85,1.7,"[130.0, 158.0, 300.0, 302.0]",0.018359124951530248,0.00019820895977318287,,"[{'track_id': 'phys_assessed_object', 'label': 'assessed object', 'box': [0.1522248243559719, 0.32916666666666666, 0.5035128805620609, 0.9583333333333334], 'timestamp': 1.7, 'evidence_id': 'ego:86', 'visibility': 'visible', 'confidence': 0.49337556726650944, 'confidence_kind': 'uncalibrated_heuristic', 'calibrated_confidence': None, 'appearance_distance': 0.5066244327334906, 'visible_fraction': 1.0, 'relative_motion': 0.0011202418534323124, 'camera_compensated': True, 'total_area_ratio': 1.3718958307194522}]",[],True
86,1.72,"[126.0, 158.0, 300.0, 302.0]",0.017557499988470227,0.00029449997236952186,,"[{'track_id': 'phys_assessed_object', 'label': 'assessed object', 'box': [0.14754098360655737, 0.32916666666666666, 0.49882903981264637, 0.9583333333333334], 'timestamp': 1.72, 'evidence_id': 'ego:87', 'visibility': 'visible', 'confidence': 0.5070539303989112, 'confidence_kind': 'uncalibrated_heuristic', 'calibrated_confidence': None, 'appearance_distance': 0.4929460696010887, 'visible_fraction': 1.0, 'relative_motion': 0.0033475685308638464, 'camera_compensated': True, 'total_area_ratio': 1.3718958307194522}]",[],True
87,1.74,"[126.0, 156.0, 300.0, 302.0]",0.017276500002481043,0.00020125001901760697,,"[{'track_id': 'phys_assessed_object', 'label': 'assessed object', 'box': [0.14754098360655737, 0.325, 0.49882903981264637, 0.9541666666666667], 'timestamp': 1.74, 'evidence_id': 'ego:88', 'visibility': 'visible', 'confidence': 0.49158795241270925, 'confidence_kind': 'uncalibrated_heuristic', 'calibrated_confidence': None, 'appearance_distance': 0.5084120475872907, 'visible_fraction': 1.0, 'relative_motion': 0.003192653283846023, 'camera_compensated': True, 'total_area_ratio': 1.3718958307194522}]",[],True
88,1.76,"[128.0, 160.0, 294.0, 296.0]",0.01715862500714138,0.00018683401867747307,,"[{'track_id': 'phys_assessed_object', 'label': 'assessed object', 'box': [0.14988290398126464, 0.3333333333333333, 0.49414519906323184, 0.95], 'timestamp': 1.76, 'evidence_id': 'ego:89', 'visibility': 'visible', 'confidence': 0.5315059308711787, 'confidence_kind': 'uncalibrated_heuristic', 'calibrated_confidence': None, 'appearance_distance': 0.4684940691288213, 'visible_fraction': 1.0, 'relative_motion': 0.0035972779673734247, 'camera_compensated': True, 'total_area_ratio': 1.3177468297188697}]",[],True
89,1.78,"[124.0, 158.0, 294.0, 296.0]",0.017171084007713944,0.00017775001469999552,,"[{'track_id': 'phys_assessed_object', 'label': 'assessed object', 'box': [0.1451990632318501, 0.32916666666666666, 0.4894613583138173, 0.9458333333333333], 'timestamp': 1.78, 'evidence_id': 'ego:90', 'visibility': 'visible', 'confidence': 0.48888809817391365, 'confidence_kind': 'uncalibrated_heuristic', 'calibrated_confidence': None, 'appearance_distance': 0.5111119018260863, 'visible_fraction': 1.0, 'relative_motion': 0.004337623045429555, 'camera_compensated': True, 'total_area_ratio': 1.3177468297188697}]",[],True
90,1.8,"[126.0, 160.0, 288.0, 290.0]",0.01792079204460606,0.00017491698963567615,,"[{'track_id': 'phys_assessed_object', 'label': 'assessed object', 'box': [0.14754098360655737, 0.3333333333333333, 0.4847775175644028, 0.9375], 'timestamp': 1.8, 'evidence_id': 'ego:91', 'visibility': 'visible', 'confidence': 0.4941845899947569, 'confidence_kind': 'uncalibrated_heuristic', 'calibrated_confidence': None, 'appearance_distance': 0.5058154100052431, 'visible_fraction': 1.0, 'relative_motion': 0.0009401828023249795, 'camera_compensated': True, 'total_area_ratio': 1.264688077060581}]",[],True
91,1.82,"[126.0, 160.0, 288.0, 290.0]",0.01671395800076425,0.00018045800970867276,,"[{'track_id': 'phys_assessed_object', 'label': 'assessed object', 'box': [0.14754098360655737, 0.3333333333333333, 0.4847775175644028, 0.9375], 'timestamp': 1.82, 'evidence_id': 'ego:92', 'visibility': 'visible', 'confidence': 0.48565100728441013, 'confidence_kind': 'uncalibrated_heuristic', 'calibrated_confidence': None, 'appearance_distance': 0.5143489927155899, 'visible_fraction': 1.0, 'relative_motion': 0.0007676569719054024, 'camera_compensated': True, 'total_area_ratio': 1.264688077060581}]",[],True
92,1.84,"[128.0, 164.0, 282.0, 284.0]",0.018813790986314416,0.0001805420033633709,,"[{'track_id': 'phys_assessed_object', 'label': 'assessed object', 'box': [0.14988290398126464, 0.3416666666666667, 0.48009367681498827, 0.9333333333333333], 'timestamp': 1.84, 'evidence_id': 'ego:93', 'visibility': 'visible', 'confidence': 0.5129545499500652, 'confidence_kind': 'uncalibrated_heuristic', 'calibrated_confidence': None, 'appearance_distance': 0.48704545004993477, 'visible_fraction': 1.0, 'relative_motion': 0.0021875491605988034, 'camera_compensated': True, 'total_area_ratio': 1.2127195727445859}]",[],True
93,1.86,"[126.0, 164.0, 282.0, 284.0]",0.01647616602713242,0.00020195799879729748,,"[{'track_id': 'phys_assessed_object', 'label': 'assessed object', 'box': [0.14754098360655737, 0.3416666666666667, 0.477751756440281, 0.9333333333333333], 'timestamp': 1.86, 'evidence_id': 'ego:94', 'visibility': 'visible', 'confidence': 0.4724151678179166, 'confidence_kind': 'uncalibrated_heuristic', 'calibrated_confidence': None, 'appearance_distance': 0.5275848321820834, 'visible_fraction': 1.0, 'relative_motion': 0.0022454037560800232, 'camera_compensated': True, 'total_area_ratio': 1.2127195727445859}]",[],True
94,1.8800000000000003,"[126.0, 162.0, 282.0, 284.0]",0.016790624998975545,0.0001841670018620789,,"[{'track_id': 'phys_assessed_object', 'label': 'assessed object', 'box': [0.14754098360655737, 0.3375, 0.477751756440281, 0.9291666666666667], 'timestamp': 1.88, 'evidence_id': 'ego:95', 'visibility': 'visible', 'confidence': 0.48816429106265113, 'confidence_kind': 'uncalibrated_heuristic', 'calibrated_confidence': None, 'appearance_distance': 0.5118357089373489, 'visible_fraction': 1.0, 'relative_motion': 0.003392294293411977, 'camera_compensated': True, 'total_area_ratio': 1.2127195727445859}]",[],True
95,1.9000000000000001,"[130.0, 166.0, 278.0, 280.0]",0.01788087497698143,0.0001829999964684248,,"[{'track_id': 'phys_assessed_object', 'label': 'assessed object', 'box': [0.1522248243559719, 0.3458333333333333, 0.477751756440281, 0.9291666666666667], 'timestamp': 1.9, 'evidence_id': 'ego:96', 'visibility': 'visible', 'confidence': 0.4764203773491278, 'confidence_kind': 'uncalibrated_heuristic', 'calibrated_confidence': None, 'appearance_distance': 0.5235796226508722, 'visible_fraction': 1.0, 'relative_motion': 0.005464764998948989, 'camera_compensated': True, 'total_area_ratio': 1.1786795967240855}]",[],True
96,1.92,"[126.0, 160.0, 282.0, 284.0]",0.018429875024594367,0.00021104095503687859,,"[{'track_id': 'phys_assessed_object', 'label': 'assessed object', 'box': [0.14754098360655737, 0.3333333333333333, 0.477751756440281, 0.925], 'timestamp': 1.92, 'evidence_id': 'ego:97', 'visibility': 'visible', 'confidence': 0.5062903042903255, 'confidence_kind': 'uncalibrated_heuristic', 'calibrated_confidence': None, 'appearance_distance': 0.4937096957096745, 'visible_fraction': 1.0, 'relative_motion': 0.007648863411022133, 'camera_compensated': True, 'total_area_ratio': 1.212719572744586}]",[],True
97,1.94,"[130.0, 162.0, 278.0, 280.0]",0.016381958033889532,0.00020900001982226968,,"[{'track_id': 'phys_assessed_object', 'label': 'assessed object', 'box': [0.1522248243559719, 0.3375, 0.477751756440281, 0.9208333333333333], 'timestamp': 1.94, 'evidence_id': 'ego:98', 'visibility': 'visible', 'confidence': 0.4537048580097792, 'confidence_kind': 'uncalibrated_heuristic', 'calibrated_confidence': None, 'appearance_distance': 0.5462951419902208, 'visible_fraction': 1.0, 'relative_motion': 0.0024808807519315344, 'camera_compensated': True, 'total_area_ratio': 1.1786795967240853}]",[],True
98,1.96,"[134.0, 162.0, 272.0, 274.0]",0.015887374989688396,0.0002657089498825371,,"[{'track_id': 'phys_assessed_object', 'label': 'assessed object', 'box': [0.15690866510538642, 0.3375, 0.47540983606557374, 0.9083333333333333], 'timestamp': 1.96, 'evidence_id': 'ego:99', 'visibility': 'visible', 'confidence': 0.4673696607016976, 'confidence_kind': 'uncalibrated_heuristic', 'calibrated_confidence': None, 'appearance_distance': 0.5326303392983024, 'visible_fraction': 1.0, 'relative_motion': 0.00453322855517031, 'camera_compensated': True, 'total_area_ratio': 1.1285281729785797}]",[],True
99,1.98,"[130.0, 158.0, 282.0, 284.0]",0.0183146670460701,0.0002572920056991279,,"[{'track_id': 'phys_assessed_object', 'label': 'assessed object', 'box': [0.1522248243559719, 0.32916666666666666, 0.48243559718969553, 0.9208333333333333], 'timestamp': 1.98, 'evidence_id': 'ego:100', 'visibility': 'visible', 'confidence': 0.4520533734045481, 'confidence_kind': 'uncalibrated_heuristic', 'calibrated_confidence': None, 'appearance_distance': 0.5479466265954519, 'visible_fraction': 1.0, 'relative_motion': 0.004328563426605431, 'camera_compensated': True, 'total_area_ratio': 1.2127195727445856}]",[],True
100,2.0,"[124.0, 154.0, 288.0, 290.0]",0.016538749972824007,0.00031816697446629405,,"[{'track_id': 'phys_assessed_object', 'label': 'assessed object', 'box': [0.1451990632318501, 0.32083333333333336, 0.48243559718969553, 0.925], 'timestamp': 2.0, 'evidence_id': 'ego:101', 'visibility': 'visible', 'confidence': 0.49540639681127574, 'confidence_kind': 'uncalibrated_heuristic', 'calibrated_confidence': None, 'appearance_distance': 0.5045936031887243, 'visible_fraction': 1.0, 'relative_motion': 0.0030431744516444346, 'camera_compensated': True, 'total_area_ratio': 1.264688077060581}]",[],True
101,2.02,"[124.0, 152.0, 288.0, 290.0]",0.019044875050894916,0.0004774159751832485,,"[{'track_id': 'phys_assessed_object', 'label': 'assessed object', 'box': [0.1451990632318501, 0.31666666666666665, 0.48243559718969553, 0.9208333333333333], 'timestamp': 2.02, 'evidence_id': 'ego:102', 'visibility': 'visible', 'confidence': 0.45207459909070646, 'confidence_kind': 'uncalibrated_heuristic', 'calibrated_confidence': None, 'appearance_distance': 0.5479254009092935, 'visible_fraction': 1.0, 'relative_motion': 0.002745065732958723, 'camera_compensated': True, 'total_area_ratio': 1.2646880770605808}]",[],True
102,2.04,"[126.0, 154.0, 282.0, 284.0]",0.018455333018209785,0.00021129200467839837,,"[{'track_id': 'phys_assessed_object', 'label': 'assessed object', 'box': [0.14754098360655737, 0.32083333333333336, 0.477751756440281, 0.9125], 'timestamp': 2.04, 'evidence_id': 'ego:103', 'visibility': 'visible', 'confidence': 0.4442658822653319, 'confidence_kind': 'uncalibrated_heuristic', 'calibrated_confidence': None, 'appearance_distance': 0.5557341177346681, 'visible_fraction': 1.0, 'relative_motion': 0.0011862545240068963, 'camera_compensated': True, 'total_area_ratio': 1.2127195727445856}]",[],True
103,2.06,"[126.0, 154.0, 282.0, 284.0]",0.019694124988745898,0.0002809590077959001,,"[{'track_id': 'phys_assessed_object', 'label': 'assessed object', 'box': [0.14754098360655737, 0.32083333333333336, 0.477751756440281, 0.9125], 'timestamp': 2.06, 'evidence_id': 'ego:104', 'visibility': 'visible', 'confidence': 0.4437820548808614, 'confidence_kind': 'uncalibrated_heuristic', 'calibrated_confidence': None, 'appearance_distance': 0.5562179451191386, 'visible_fraction': 1.0, 'relative_motion': 0.0021564163666117323, 'camera_compensated': True, 'total_area_ratio': 1.2127195727445856}]",[],True
104,2.08,"[124.0, 152.0, 282.0, 284.0]",0.01889291702536866,0.00046791700879111886,,"[{'track_id': 'phys_assessed_object', 'label': 'assessed object', 'box': [0.1451990632318501, 0.31666666666666665, 0.47540983606557374, 0.9083333333333333], 'timestamp': 2.08, 'evidence_id': 'ego:105', 'visibility': 'visible', 'confidence': 0.47295401983032215, 'confidence_kind': 'uncalibrated_heuristic', 'calibrated_confidence': None, 'appearance_distance': 0.5270459801696779, 'visible_fraction': 1.0, 'relative_motion': 0.0020145283917833733, 'camera_compensated': True, 'total_area_ratio': 1.2127195727445859}]",[],True
105,2.1,"[124.0, 150.0, 282.0, 284.0]",0.01756770903011784,0.00024433404905721545,,"[{'track_id': 'phys_assessed_object', 'label': 'assessed object', 'box': [0.1451990632318501, 0.3125, 0.47540983606557374, 0.9041666666666667], 'timestamp': 2.1, 'evidence_id': 'ego:106', 'visibility': 'visible', 'confidence': 0.43841753857616717, 'confidence_kind': 'uncalibrated_heuristic', 'calibrated_confidence': None, 'appearance_distance': 0.5615824614238328, 'visible_fraction': 1.0, 'relative_motion': 0.001918061346048267, 'camera_compensated': True, 'total_area_ratio': 1.2127195727445859}]",[],True
106,2.12,"[119.99999999999999, 148.0, 288.0, 290.0]",0.017757208028342575,0.00018679199274629354,,"[{'track_id': 'phys_assessed_object', 'label': 'assessed object', 'box': [0.1405152224824356, 0.30833333333333335, 0.477751756440281, 0.9125], 'timestamp': 2.12, 'evidence_id': 'ego:107', 'visibility': 'visible', 'confidence': 0.45235504347266786, 'confidence_kind': 'uncalibrated_heuristic', 'calibrated_confidence': None, 'appearance_distance': 0.5476449565273321, 'visible_fraction': 1.0, 'relative_motion': 0.0034365478833490947, 'camera_compensated': True, 'total_area_ratio': 1.2646880770605808}]",[],True
107,2.14,"[119.99999999999999, 146.0, 288.0, 290.0]",0.018056083004921675,0.00018404098227620125,,"[{'track_id': 'phys_assessed_object', 'label': 'assessed object', 'box': [0.1405152224824356, 0.30416666666666664, 0.477751756440281, 0.9083333333333333], 'timestamp': 2.14, 'evidence_id': 'ego:108', 'visibility': 'visible', 'confidence': 0.43370229863397924, 'confidence_kind': 'uncalibrated_heuristic', 'calibrated_confidence': None, 'appearance_distance': 0.5662977013660208, 'visible_fraction': 1.0, 'relative_motion': 0.003266058890465553, 'camera_compensated': True, 'total_area_ratio': 1.264688077060581}]",[],True
108,2.16,"[124.0, 144.0, 288.0, 290.0]",0.0178634169860743,0.00018099998123943806,,"[{'track_id': 'phys_assessed_object', 'label': 'assessed object', 'box': [0.1451990632318501, 0.3, 0.48243559718969553, 0.9041666666666667], 'timestamp': 2.16, 'evidence_id': 'ego:109', 'visibility': 'visible', 'confidence': 0.46835362311971473, 'confidence_kind': 'uncalibrated_heuristic', 'calibrated_confidence': None, 'appearance_distance': 0.5316463768802853, 'visible_fraction': 1.0, 'relative_motion': 0.003958692424868782, 'camera_compensated': True, 'total_area_ratio': 1.264688077060581}]",[],True
109,2.18,"[128.0, 144.0, 282.0, 284.0]",0.01860075001604855,0.00026391702704131603,,"[{'track_id': 'phys_assessed_object', 'label': 'assessed object', 'box': [0.14988290398126464, 0.3, 0.48009367681498827, 0.8916666666666667], 'timestamp': 2.18, 'evidence_id': 'ego:110', 'visibility': 'visible', 'confidence': 0.42403860086835854, 'confidence_kind': 'uncalibrated_heuristic', 'calibrated_confidence': None, 'appearance_distance': 0.5759613991316415, 'visible_fraction': 1.0, 'relative_motion': 0.0029403191103417586, 'camera_compensated': True, 'total_area_ratio': 1.212719572744586}]",[],True
110,2.2,"[134.0, 146.0, 278.0, 280.0]",0.017320165992714465,0.00018637499306350946,,"[{'track_id': 'phys_assessed_object', 'label': 'assessed object', 'box': [0.15690866510538642, 0.30416666666666664, 0.48243559718969553, 0.8875], 'timestamp': 2.2, 'evidence_id': 'ego:111', 'visibility': 'visible', 'confidence': 0.4451426903226361, 'confidence_kind': 'uncalibrated_heuristic', 'calibrated_confidence': None, 'appearance_distance': 0.5548573096773639, 'visible_fraction': 1.0, 'relative_motion': 0.004051452912480711, 'camera_compensated': True, 'total_area_ratio': 1.1786795967240853}]",[],True
111,2.22,"[134.0, 144.0, 278.0, 280.0]",0.01708216598490253,0.00023258302826434374,,"[{'track_id': 'phys_assessed_object', 'label': 'assessed object', 'box': [0.15690866510538642, 0.3, 0.48243559718969553, 0.8833333333333333], 'timestamp': 2.22, 'evidence_id': 'ego:112', 'visibility': 'visible', 'confidence': 0.4239981907303746, 'confidence_kind': 'uncalibrated_heuristic', 'calibrated_confidence': None, 'appearance_distance': 0.5760018092696254, 'visible_fraction': 1.0, 'relative_motion': 0.002325396772294283, 'camera_compensated': True, 'total_area_ratio': 1.1786795967240853}]",[],True
112,2.24,"[132.0, 140.0, 282.0, 284.0]",0.018306666985154152,0.0002847500145435333,,"[{'track_id': 'phys_assessed_object', 'label': 'assessed object', 'box': [0.15456674473067916, 0.2916666666666667, 0.4847775175644028, 0.8833333333333333], 'timestamp': 2.24, 'evidence_id': 'ego:113', 'visibility': 'visible', 'confidence': 0.45536189014183504, 'confidence_kind': 'uncalibrated_heuristic', 'calibrated_confidence': None, 'appearance_distance': 0.544638109858165, 'visible_fraction': 1.0, 'relative_motion': 0.0015416557149969604, 'camera_compensated': True, 'total_area_ratio': 1.2127195727445856}]",[],True
113,2.2600000000000007,"[138.0, 144.0, 272.0, 274.0]",0.017935291049070656,0.00017216696869581938,,"[{'track_id': 'phys_assessed_object', 'label': 'assessed object', 'box': [0.16159250585480095, 0.3, 0.48009367681498827, 0.8708333333333333], 'timestamp': 2.26, 'evidence_id': 'ego:114', 'visibility': 'visible', 'confidence': 0.4229697252302217, 'confidence_kind': 'uncalibrated_heuristic', 'calibrated_confidence': None, 'appearance_distance': 0.5770302747697783, 'visible_fraction': 1.0, 'relative_motion': 0.0017014082247283353, 'camera_compensated': True, 'total_area_ratio': 1.1285281729785797}]",[],True
114,2.2800000000000002,"[142.0, 146.0, 266.0, 268.0]",0.018644082942046225,0.00019979098578915,,"[{'track_id': 'phys_assessed_object', 'label': 'assessed object', 'box': [0.16627634660421545, 0.30416666666666664, 0.477751756440281, 0.8625], 'timestamp': 2.28, 'evidence_id': 'ego:115', 'visibility': 'visible', 'confidence': 0.4236652950747445, 'confidence_kind': 'uncalibrated_heuristic', 'calibrated_confidence': None, 'appearance_distance': 0.5763347049252555, 'visible_fraction': 1.0, 'relative_motion': 0.0020395964711640395, 'camera_compensated': True, 'total_area_ratio': 1.0794669975753677}]",[],True
115,2.3000000000000003,"[140.0, 140.0, 272.0, 274.0]",0.018146916991099715,0.00020570802735164762,,"[{'track_id': 'phys_assessed_object', 'label': 'assessed object', 'box': [0.16393442622950818, 0.2916666666666667, 0.48243559718969553, 0.8625], 'timestamp': 2.3, 'evidence_id': 'ego:116', 'visibility': 'visible', 'confidence': 0.4120265640037045, 'confidence_kind': 'uncalibrated_heuristic', 'calibrated_confidence': None, 'appearance_distance': 0.5879734359962955, 'visible_fraction': 1.0, 'relative_motion': 0.0049083837886917435, 'camera_compensated': True, 'total_area_ratio': 1.1285281729785799}]",[],True
116,2.32,"[140.0, 138.0, 272.0, 274.0]",0.01701050001429394,0.00024016696261242032,,"[{'track_id': 'phys_assessed_object', 'label': 'assessed object', 'box': [0.16393442622950818, 0.2875, 0.48243559718969553, 0.8583333333333333], 'timestamp': 2.32, 'evidence_id': 'ego:117', 'visibility': 'visible', 'confidence': 0.43804115693605816, 'confidence_kind': 'uncalibrated_heuristic', 'calibrated_confidence': None, 'appearance_distance': 0.5619588430639418, 'visible_fraction': 1.0, 'relative_motion': 0.002538409984520174, 'camera_compensated': True, 'total_area_ratio': 1.1285281729785799}]",[],True
117,2.34,"[142.0, 138.0, 266.0, 268.0]",0.01718791702296585,0.00020937499357387424,,"[{'track_id': 'phys_assessed_object', 'label': 'assessed object', 'box': [0.16627634660421545, 0.2875, 0.477751756440281, 0.8458333333333333], 'timestamp': 2.34, 'evidence_id': 'ego:118', 'visibility': 'visible', 'confidence': 0.39226956018870307, 'confidence_kind': 'uncalibrated_heuristic', 'calibrated_confidence': None, 'appearance_distance': 0.6077304398112969, 'visible_fraction': 1.0, 'relative_motion': 0.004101361396445092, 'camera_compensated': True, 'total_area_ratio': 1.0794669975753677}]",[],True
118,2.36,"[142.0, 134.0, 266.0, 268.0]",0.018100166984368116,0.0002804580144584179,,"[{'track_id': 'phys_assessed_object', 'label': 'assessed object', 'box': [0.16627634660421545, 0.2791666666666667, 0.477751756440281, 0.8375], 'timestamp': 2.36, 'evidence_id': 'ego:119', 'visibility': 'visible', 'confidence': 0.4027070597951128, 'confidence_kind': 'uncalibrated_heuristic', 'calibrated_confidence': None, 'appearance_distance': 0.5972929402048872, 'visible_fraction': 1.0, 'relative_motion': 0.006020261552434317, 'camera_compensated': True, 'total_area_ratio': 1.0794669975753677}]",[],True
119,2.38,"[140.0, 126.0, 272.0, 274.0]",0.0182951670140028,0.00021620799088850617,,"[{'track_id': 'phys_assessed_object', 'label': 'assessed object', 'box': [0.16393442622950818, 0.2625, 0.48243559718969553, 0.8333333333333334], 'timestamp': 2.38, 'evidence_id': 'ego:120', 'visibility': 'visible', 'confidence': 0.3906700626961821, 'confidence_kind': 'uncalibrated_heuristic', 'calibrated_confidence': None, 'appearance_distance': 0.6093299373038179, 'visible_fraction': 1.0, 'relative_motion': 0.00954130293234181, 'camera_compensated': True, 'total_area_ratio': 1.1285281729785799}]",[],True
120,2.4,"[140.0, 126.0, 266.0, 268.0]",0.019061499973759055,0.0001812499831430614,,"[{'track_id': 'phys_assessed_object', 'label': 'assessed object', 'box': [0.16393442622950818, 0.2625, 0.47540983606557374, 0.8208333333333333], 'timestamp': 2.4, 'evidence_id': 'ego:121', 'visibility': 'visible', 'confidence': 0.4146402163776831, 'confidence_kind': 'uncalibrated_heuristic', 'calibrated_confidence': None, 'appearance_distance': 0.5853597836223169, 'visible_fraction': 1.0, 'relative_motion': 0.006139470638699524, 'camera_compensated': True, 'total_area_ratio': 1.0794669975753677}]",[],True
121,2.42,"[140.0, 122.0, 266.0, 268.0]",0.018949790974147618,0.00025154202012345195,,"[{'track_id': 'phys_assessed_object', 'label': 'assessed object', 'box': [0.16393442622950818, 0.25416666666666665, 0.47540983606557374, 0.8125], 'timestamp': 2.42, 'evidence_id': 'ego:122', 'visibility': 'visible', 'confidence': 0.38501293884651233, 'confidence_kind': 'uncalibrated_heuristic', 'calibrated_confidence': None, 'appearance_distance': 0.6149870611534877, 'visible_fraction': 1.0, 'relative_motion': 0.00821359211165155, 'camera_compensated': True, 'total_area_ratio': 1.0794669975753677}]",[],True
122,2.44,"[142.0, 120.0, 262.0, 264.0]",0.01876316696871072,0.0002655829885043204,,"[{'track_id': 'phys_assessed_object', 'label': 'assessed object', 'box': [0.16627634660421545, 0.25, 0.47306791569086654, 0.8], 'timestamp': 2.44, 'evidence_id': 'ego:123', 'visibility': 'visible', 'confidence': 0.37667127903816133, 'confidence_kind': 'uncalibrated_heuristic', 'calibrated_confidence': None, 'appearance_distance': 0.6233287209618387, 'visible_fraction': 1.0, 'relative_motion': 0.008096091481259365, 'camera_compensated': True, 'total_area_ratio': 1.047365240830056}]",[],True
123,2.46,"[142.0, 114.0, 262.0, 264.0]",0.019458374998066574,0.0002122910227626562,,"[{'track_id': 'phys_assessed_object', 'label': 'assessed object', 'box': [0.16627634660421545, 0.2375, 0.47306791569086654, 0.7875], 'timestamp': 2.46, 'evidence_id': 'ego:124', 'visibility': 'visible', 'confidence': 0.35468957141662194, 'confidence_kind': 'uncalibrated_heuristic', 'calibrated_confidence': None, 'appearance_distance': 0.6453104285833781, 'visible_fraction': 1.0, 'relative_motion': 0.011827615805653561, 'camera_compensated': True, 'total_area_ratio': 1.047365240830056}]",[],True
124,2.48,"[142.0, 110.0, 262.0, 264.0]",0.01808741601416841,0.00017199997091665864,,"[{'track_id': 'phys_assessed_object', 'label': 'assessed object', 'box': [0.16627634660421545, 0.22916666666666666, 0.47306791569086654, 0.7791666666666667], 'timestamp': 2.48, 'evidence_id': 'ego:125', 'visibility': 'visible', 'confidence': 0.3774970431048139, 'confidence_kind': 'uncalibrated_heuristic', 'calibrated_confidence': None, 'appearance_distance': 0.6225029568951861, 'visible_fraction': 1.0, 'relative_motion': 0.0074861902950263065, 'camera_compensated': True, 'total_area_ratio': 1.047365240830056}]",[],True
125,2.5,,0.019275124999694526,0.00024041702272370458,,"[{'track_id': 'phys_assessed_object', 'label': 'assessed object', 'visibility': 'uncertain', 'timestamp': 2.5, 'box': None, 'evidence_id': 'ego:126', 'confidence': 0.0, 'confidence_kind': 'uncalibrated_heuristic', 'calibrated_confidence': None, 'failure_reason': 'appearance_changed'}]","[{'event_id': 'csrt_phys_assessed_object_visibility_lost_126', 'kind': 'visibility_lost', 'object_label': 'assessed object', 'subject_ids': ['phys_assessed_object'], 'started_at': 2.48, 'ended_at': 2.5, 'available_at': 1789496145.263705, 'confidence': 0.0, 'uncertainty': 'CSRT with heuristic appearance/scale/visibility guards; confidence is an uncalibrated score, not a probability. Background compensation models translation only. Geometric change does not prove semantic pickup, placement, persistent identity, or physical absence. Tracking became uncertain: appearance_changed.', 'description': 'assessed object: visibility lost in the camera view', 'pre_evidence_ids': ['ego:125'], 'post_evidence_ids': ['ego:126'], 'camera_compensated': True}]",False
126,2.52,,0.005113499995786697,0.00018500001169741154,,[],[],False
127,2.54,,0.004815290973056108,0.0002001250395551324,,[],[],False
128,2.56,,0.0053889170521870255,0.00047462497605010867,,[],[],False
129,2.58,,0.005420458968728781,0.0002828749711625278,,[],[],False
130,2.6,,0.005291540990583599,0.00021550001110881567,,[],[],False
131,2.62,,0.005900790973100811,0.0011564999585971236,,[],[],False
132,2.64,,0.006095084012486041,0.0008142919978126884,,[],[],False
133,2.66,,0.004770542029291391,0.0001829589600674808,,[],[],False
134,2.68,,0.00520587497157976,0.00016237498493865132,,[],[],False
135,2.7,,0.004705750034190714,0.00014533300418406725,,[],[],False
136,2.72,,0.004794957989361137,0.00023195898393169045,,[],[],False
137,2.74,,0.005258292017970234,0.00020570802735164762,,[],[],False
138,2.7600000000000007,,0.005489500006660819,0.00021195801673457026,,[],[],False
139,2.7800000000000002,,0.00536945799831301,0.0001894999877549708,,[],[],False
140,2.8000000000000003,,0.005235540971625596,0.00033308297861367464,,[],[],False
141,2.82,,0.005051666987128556,0.0002341250074096024,,[],[],False
142,2.84,,0.0050887499819509685,0.00036812503822147846,,[],[],False
143,2.86,,0.005211707961279899,0.00021383300190791488,,[],[],False
144,2.88,,0.0054814579780213535,0.00021841697162017226,,[],[],False
